{
  "name": "add2e",
  "title": "AD&D 2nd Editon",
  "description": "Advanced Dungeons & Dragons 2nd Edition",
  "version": "1.1.3",
  "minimumCoreVersion": "0.7.5",
  "compatibleCoreVersion": "0.7.5",
  "templateVersion": 2,
  "author": "U~man",
  "esmodules": ["add2e.js"],
  "styles": ["add2e.css"],
  "packs": [],
  "languages": [
    {
      "lang": "en",
      "name": "English",
      "path": "lang/en.json"
    }
  ],
  "gridDistance": 5,
  "gridUnits": "ft",
  "url": "",
  "manifest": "",
  "download": "https://github.com/zorbal/add2e.git"
}
